id,first_name,last_name,email,gender,ip_address
1,Carilyn,Shoobridge,cshoobridge0@hud.gov,Female,36.130.196.213
2,Leonardo,Haulkham,lhaulkham1@parallels.com,Male,87.161.124.193
3,Germayne,Gwyer,ggwyer2@huffingtonpost.com,Male,215.241.3.222
4,Louis,Fretter,lfretter3@t-online.de,Male,35.201.38.181
5,Abram,Dymick,adymick4@about.me,Male,251.125.109.168
6,Martie,Malyj,mmalyj5@ca.gov,Male,166.232.245.196
7,Berkie,Betteridge,bbetteridge6@rediff.com,Male,163.233.197.235
8,Maren,Everex,meverex7@e-recht24.de,Female,217.99.139.179
9,Ellery,Dillon,edillon8@google.ru,Male,106.133.58.203
10,Lester,Scallon,lscallon9@huffingtonpost.com,Male,100.104.201.165
11,Flor,Pinock,fpinocka@wikispaces.com,Female,59.184.99.102
12,Josh,Camm,jcammb@sphinn.com,Male,65.146.80.208
13,Jaquith,Munford,jmunfordc@ehow.com,Female,55.169.146.79
14,Justin,Pitney,jpitneyd@naver.com,Male,141.231.70.252
15,Phylys,Hooban,phoobane@nsw.gov.au,Female,127.112.163.1
16,Augustina,Yanin,ayaninf@bloglovin.com,Female,241.71.130.93
17,Clarabelle,Sturm,csturmg@devhub.com,Female,241.160.54.113
18,Nolie,Zylberdik,nzylberdikh@soup.io,Female,79.52.19.52
19,Orelle,Kalinovich,okalinovichi@webnode.com,Female,174.71.189.67
20,Natassia,Reinert,nreinertj@soundcloud.com,Female,219.169.120.137
21,Kizzie,Dahill,kdahillk@printfriendly.com,Female,140.155.199.158
22,Gracia,Ludford,gludfordl@gmpg.org,Female,61.16.154.166
23,Nicolina,Szymanski,nszymanskim@devhub.com,Female,124.31.200.63
24,Jenn,Heisham,jheishamn@bbc.co.uk,Genderfluid,172.96.253.128
25,Cahra,Beernt,cbeernto@prnewswire.com,Female,61.103.151.28
26,Mozelle,Hitcham,mhitchamp@apple.com,Female,205.187.179.4
27,Alexa,Eversfield,aeversfieldq@gnu.org,Female,16.210.54.95
28,Creight,Olner,colnerr@illinois.edu,Male,68.134.134.180
29,Danila,Walbrook,dwalbrooks@dagondesign.com,Female,40.64.237.75
30,Nickolaus,Goning,ngoningt@usatoday.com,Male,228.212.206.86
31,Darb,Muxworthy,dmuxworthyu@gov.uk,Female,115.9.203.29
32,Philomena,Rickerd,prickerdv@booking.com,Female,61.215.139.97
33,Neddie,Freeth,nfreethw@google.com.br,Genderfluid,176.119.5.254
34,Isidor,Gothard,igothardx@phpbb.com,Male,229.98.110.113
35,Sabra,Dettmar,sdettmary@arstechnica.com,Female,242.118.77.13
36,Davie,Greening,dgreeningz@engadget.com,Male,185.203.111.136
37,Artie,Millhill,amillhill10@qq.com,Male,63.78.135.117
38,Keen,Llop,kllop11@ihg.com,Male,191.59.218.199
39,Corry,Eyton,ceyton12@eventbrite.com,Bigender,76.211.167.45
40,Abrahan,Pluvier,apluvier13@squidoo.com,Male,213.217.251.223
41,Raddie,Smewin,rsmewin14@guardian.co.uk,Male,28.81.104.100
42,Bev,Mousley,bmousley15@ed.gov,Female,37.95.143.126
43,Rosabel,Cumber,rcumber16@virginia.edu,Female,16.100.169.124
44,Lucila,Marcu,lmarcu17@marriott.com,Female,203.188.82.200
45,Dexter,Vittet,dvittet18@trellian.com,Male,101.90.211.136
46,Kristoffer,Patriche,kpatriche19@ycombinator.com,Male,37.247.190.253
47,Devinne,Stein,dstein1a@smugmug.com,Agender,235.186.247.146
48,Lindy,Laven,llaven1b@webmd.com,Agender,122.247.249.235
49,Bernardo,Parlet,bparlet1c@jugem.jp,Male,44.1.136.14
50,Sherlocke,Perkinson,sperkinson1d@livejournal.com,Male,14.174.124.83
51,Shell,Lummis,slummis1e@hatena.ne.jp,Male,80.124.131.71
52,Annie,Magowan,amagowan1f@storify.com,Female,22.8.92.40
53,Goraud,Brellin,gbrellin1g@printfriendly.com,Male,194.106.174.80
54,Farlee,Garioch,fgarioch1h@si.edu,Male,124.140.69.181
55,Hurley,Scandrick,hscandrick1i@auda.org.au,Male,254.169.200.138
56,Guthrey,McDuffy,gmcduffy1j@businessinsider.com,Male,244.199.46.20
57,Dominik,Strathearn,dstrathearn1k@unblog.fr,Male,79.41.149.116
58,Bibbye,Edelheit,bedelheit1l@posterous.com,Female,212.187.159.176
59,Sidoney,Greenhalf,sgreenhalf1m@webmd.com,Polygender,221.132.22.78
60,Talbert,Itzkovitch,titzkovitch1n@upenn.edu,Male,85.93.141.252
61,Barn,Loffel,bloffel1o@comcast.net,Male,14.22.135.121
62,Baldwin,Lamputt,blamputt1p@multiply.com,Male,17.87.135.120
63,Mildrid,Wasylkiewicz,mwasylkiewicz1q@comsenz.com,Female,249.39.47.141
64,Caralie,Pickup,cpickup1r@ucsd.edu,Female,7.187.195.64
65,Lief,Ducarel,lducarel1s@home.pl,Male,179.112.237.164
66,Nate,Priddie,npriddie1t@people.com.cn,Male,147.10.41.197
67,Perry,Ritzman,pritzman1u@weather.com,Female,154.47.6.133
68,Marissa,Aspole,maspole1v@4shared.com,Female,110.67.168.254
69,Tybi,Henningham,thenningham1w@stumbleupon.com,Female,149.240.139.177
70,Marcel,Ogley,mogley1x@netvibes.com,Male,61.74.103.174
71,Vita,Gascoigne,vgascoigne1y@tinypic.com,Female,132.191.185.165
72,Marci,Monkleigh,mmonkleigh1z@technorati.com,Female,223.42.148.175
73,Laverne,Tideswell,ltideswell20@yellowbook.com,Female,99.21.35.122
74,Waldo,Truscott,wtruscott21@jimdo.com,Male,69.128.150.206
75,Hart,Redan,hredan22@github.com,Male,214.7.162.81
76,Noelyn,Waddilove,nwaddilove23@4shared.com,Female,136.82.238.227
77,James,Gutierrez,jgutierrez24@ucoz.com,Male,121.123.91.212
78,Shena,Gwinnett,sgwinnett25@mtv.com,Female,178.226.61.231
79,Cyril,Iceton,ciceton26@npr.org,Male,113.94.75.139
80,Christina,Yanov,cyanov27@wired.com,Female,77.91.139.177
81,Gladys,Jurges,gjurges28@privacy.gov.au,Female,254.9.179.176
82,Sarene,Hrinishin,shrinishin29@mail.ru,Genderfluid,249.74.235.250
83,Francklin,Scragg,fscragg2a@behance.net,Male,199.115.28.193
84,Wood,Vynehall,wvynehall2b@usgs.gov,Male,159.202.125.125
85,Gaby,Wanless,gwanless2c@alibaba.com,Male,114.185.194.52
86,Zaccaria,Ballentime,zballentime2d@ibm.com,Male,99.242.77.65
87,Danie,Evershed,devershed2e@statcounter.com,Male,210.119.142.176
88,Gavra,Jeroch,gjeroch2f@skyrock.com,Female,175.86.13.173
89,Nickie,Almeida,nalmeida2g@histats.com,Female,195.84.10.122
90,Benedetta,Kroin,bkroin2h@cornell.edu,Female,100.152.144.100
91,Trudey,Muat,tmuat2i@kickstarter.com,Female,3.133.248.231
92,Sherlocke,Treble,streble2j@trellian.com,Male,109.137.227.253
93,Wolfie,Johnsey,wjohnsey2k@noaa.gov,Male,22.181.127.14
94,Staci,Maddaford,smaddaford2l@netlog.com,Female,224.80.125.125
95,Carr,Bamber,cbamber2m@indiegogo.com,Male,107.239.128.123
96,Aretha,Petherick,apetherick2n@fc2.com,Female,11.200.70.105
97,Marcus,Pipping,mpipping2o@techcrunch.com,Male,222.141.120.66
98,Morgan,Banaszkiewicz,mbanaszkiewicz2p@constantcontact.com,Male,27.129.146.205
99,Suzette,Haversham,shaversham2q@webnode.com,Female,102.33.54.101
100,Hubie,Hawton,hhawton2r@cnn.com,Male,87.64.221.111
101,Ravid,Orris,rorris2s@state.tx.us,Male,184.99.181.108
102,Hall,Camelin,hcamelin2t@alibaba.com,Male,93.23.154.234
103,Elsbeth,Hurling,ehurling2u@gravatar.com,Female,176.234.134.20
104,Fletcher,June,fjune2v@jalbum.net,Male,27.148.180.61
105,Poppy,O'Lunney,polunney2w@dedecms.com,Female,254.122.80.251
106,Adeline,Murthwaite,amurthwaite2x@mashable.com,Female,89.9.212.34
107,Morris,Penfold,mpenfold2y@51.la,Male,208.127.229.219
108,Ginger,O'Sullivan,gosullivan2z@canalblog.com,Genderqueer,35.116.68.33
109,Gustie,Rubes,grubes30@google.com.br,Female,167.18.176.226
110,Jareb,Dallas,jdallas31@miitbeian.gov.cn,Male,18.135.203.9
111,Amandi,Summersett,asummersett32@guardian.co.uk,Female,70.117.209.129
112,Walther,Corrison,wcorrison33@studiopress.com,Male,22.90.197.76
113,Kelly,Aspey,kaspey34@drupal.org,Male,113.70.203.12
114,Justina,Wateridge,jwateridge35@free.fr,Female,160.225.85.215
115,Claudell,Parren,cparren36@si.edu,Genderqueer,43.140.93.189
116,Matias,Cogdell,mcogdell37@cyberchimps.com,Male,187.180.79.109
117,Stephan,Pomfrey,spomfrey38@pinterest.com,Male,133.202.28.26
118,Garek,Pharoah,gpharoah39@biglobe.ne.jp,Male,100.255.216.145
119,Aldridge,Petricek,apetricek3a@hhs.gov,Male,235.43.93.88
120,Rubia,Gimblett,rgimblett3b@typepad.com,Female,247.126.35.116
121,Giacinta,Joisce,gjoisce3c@wix.com,Female,85.136.147.20
122,Hermy,Tritten,htritten3d@google.ru,Male,192.142.199.144
123,Ashien,Tripony,atripony3e@123-reg.co.uk,Female,244.217.15.62
124,Estell,Bortolazzi,ebortolazzi3f@usgs.gov,Female,121.131.85.65
125,Lanie,Vanyard,lvanyard3g@wp.com,Male,249.7.53.141
126,Frances,Harvard,fharvard3h@wired.com,Polygender,94.190.216.146
127,Iver,Sime,isime3i@wsj.com,Male,73.136.173.248
128,Rozanne,Brennans,rbrennans3j@thetimes.co.uk,Female,218.30.148.62
129,Anetta,Sokill,asokill3k@tumblr.com,Female,76.35.85.89
130,Maynord,Looks,mlooks3l@goo.ne.jp,Male,42.250.216.80
131,Letta,Jeune,ljeune3m@prnewswire.com,Female,155.53.32.148
132,Roldan,Mosedill,rmosedill3n@biglobe.ne.jp,Male,52.54.212.23
133,Ruby,Sudell,rsudell3o@cargocollective.com,Female,184.97.111.71
134,Lucretia,Wickenden,lwickenden3p@jiathis.com,Female,127.133.79.57
135,Yevette,Queripel,yqueripel3q@nationalgeographic.com,Agender,45.123.214.162
136,Verna,Kindleside,vkindleside3r@wp.com,Female,127.2.141.58
137,Tyson,Hawkshaw,thawkshaw3s@boston.com,Male,113.182.61.122
138,Dyna,Gollard,dgollard3t@ameblo.jp,Female,135.8.130.249
139,Lemar,Mapstone,lmapstone3u@mit.edu,Male,175.212.39.180
140,Amalia,Radford,aradford3v@slashdot.org,Female,0.62.51.90
141,Amitie,Schwandt,aschwandt3w@sohu.com,Female,72.199.249.223
142,Hoebart,Whitnell,hwhitnell3x@opera.com,Male,51.251.135.11
143,Kippar,Grigoliis,kgrigoliis3y@cloudflare.com,Male,59.248.51.137
144,Josselyn,Stannah,jstannah3z@amazonaws.com,Female,254.227.210.172
145,Claudianus,Adamovitz,cadamovitz40@t.co,Male,219.9.198.43
146,Eward,Simion,esimion41@fda.gov,Male,238.52.43.209
147,Zolly,Duffie,zduffie42@soup.io,Male,174.83.128.20
148,Maurise,Caroli,mcaroli43@google.com.br,Female,67.224.207.42
149,Valdemar,Vida,vvida44@huffingtonpost.com,Male,56.72.180.153
150,Isidore,Denisyev,idenisyev45@shop-pro.jp,Male,74.7.94.31
151,Jarrid,Bisterfeld,jbisterfeld46@quantcast.com,Male,14.80.182.102
152,Shaina,Mowsley,smowsley47@aol.com,Female,92.106.167.188
153,Torey,Aps,taps48@creativecommons.org,Male,103.247.173.242
154,Ashleigh,Bubb,abubb49@engadget.com,Female,132.149.47.166
155,Klarrisa,Rogliero,krogliero4a@flavors.me,Genderfluid,56.6.40.19
156,Germayne,Chisolm,gchisolm4b@weather.com,Male,105.94.55.251
157,Jacki,Langstone,jlangstone4c@unc.edu,Female,86.104.73.27
158,Kim,Jirusek,kjirusek4d@artisteer.com,Female,17.162.67.23
159,Hildagarde,Aslam,haslam4e@princeton.edu,Female,211.126.192.225
160,Herbie,Purcell,hpurcell4f@sourceforge.net,Male,12.181.121.135
161,Bryon,Ren,bren4g@live.com,Male,113.169.153.101
162,Wilfrid,Griniov,wgriniov4h@mediafire.com,Male,178.195.234.122
163,Heinrik,Durrans,hdurrans4i@people.com.cn,Male,54.28.31.95
164,Aldous,Loxly,aloxly4j@flavors.me,Male,97.60.23.91
165,Noel,Lemm,nlemm4k@cocolog-nifty.com,Male,87.208.202.189
166,Meryl,Charlewood,mcharlewood4l@si.edu,Male,184.88.160.123
167,Jaime,Enrigo,jenrigo4m@nydailynews.com,Male,250.247.42.200
168,Hendrika,Kobelt,hkobelt4n@springer.com,Female,99.163.200.137
169,Matthiew,Nesbeth,mnesbeth4o@answers.com,Male,202.204.66.154
170,Angel,Cathro,acathro4p@zdnet.com,Female,3.0.187.198
171,Claiborne,Killwick,ckillwick4q@google.com.au,Male,80.40.72.131
172,Camila,King,cking4r@abc.net.au,Female,113.252.195.55
173,Shanan,Pearce,spearce4s@rakuten.co.jp,Male,242.52.176.166
174,Moina,Clew,mclew4t@cargocollective.com,Female,159.27.166.77
175,Rina,Davidovits,rdavidovits4u@pcworld.com,Female,188.239.238.233
176,Carita,Conan,cconan4v@dailymotion.com,Female,154.198.106.195
177,Lucais,Shane,lshane4w@paginegialle.it,Male,249.86.23.173
178,Hewie,Balducci,hbalducci4x@free.fr,Male,16.239.186.159
179,Jazmin,Ollander,jollander4y@blogs.com,Female,173.132.225.129
180,Andria,Kingstne,akingstne4z@latimes.com,Female,20.22.237.107
181,Beryl,Millions,bmillions50@google.fr,Female,16.102.251.204
182,Gertrude,Coult,gcoult51@state.tx.us,Female,100.97.88.28
183,Sibeal,Matoshin,smatoshin52@ox.ac.uk,Female,170.113.148.158
184,Eberhard,Beddingham,ebeddingham53@gizmodo.com,Male,208.135.166.255
185,Maris,Whyley,mwhyley54@51.la,Female,81.136.27.171
186,Agata,Oris,aoris55@webeden.co.uk,Female,229.111.98.110
187,Shannon,Esgate,sesgate56@va.gov,Female,237.114.112.204
188,Kay,Moughton,kmoughton57@netvibes.com,Female,148.206.87.190
189,Caz,Ferry,cferry58@hugedomains.com,Male,122.95.154.78
190,Amery,Shailer,ashailer59@meetup.com,Male,169.218.41.117
191,Kevan,Kynd,kkynd5a@chron.com,Male,136.226.252.182
192,Skippy,Attwooll,sattwooll5b@google.com.hk,Male,169.129.233.235
193,Galen,Eskrigg,geskrigg5c@usgs.gov,Male,213.154.220.29
194,Riordan,Laffoley-Lane,rlaffoleylane5d@usda.gov,Male,208.29.6.65
195,Cornelius,Tute,ctute5e@mozilla.com,Male,38.50.202.66
196,Donal,Corde,dcorde5f@fastcompany.com,Male,129.154.128.182
197,Tandie,Linfoot,tlinfoot5g@ycombinator.com,Female,166.238.143.17
198,Richard,Marjoram,rmarjoram5h@sakura.ne.jp,Male,166.65.143.245
199,Lavinie,Vecard,lvecard5i@linkedin.com,Genderfluid,231.245.236.26
200,Blakeley,Blackborough,bblackborough5j@webnode.com,Female,243.120.222.182
201,Vanda,McGuckin,vmcguckin5k@trellian.com,Female,58.134.5.43
202,Aylmar,Paulo,apaulo5l@123-reg.co.uk,Male,198.48.174.201
203,Emmy,Odell,eodell5m@drupal.org,Genderqueer,120.228.225.183
204,Ammamaria,Merida,amerida5n@wufoo.com,Female,54.117.81.224
205,Orlan,Ferreli,oferreli5o@marriott.com,Male,87.17.26.204
206,Theo,Soane,tsoane5p@berkeley.edu,Genderqueer,201.248.172.158
207,Scotty,Seys,sseys5q@mapy.cz,Male,218.64.17.84
208,Bentley,Apark,bapark5r@dedecms.com,Male,177.170.172.166
209,Evangelina,Hollow,ehollow5s@netscape.com,Female,203.242.30.16
210,Zeke,Mountjoy,zmountjoy5t@goo.gl,Male,14.43.73.219
211,Cheri,Litzmann,clitzmann5u@comcast.net,Female,122.128.242.2
212,Orland,Stutard,ostutard5v@xrea.com,Male,206.14.158.224
213,Robenia,Spraggon,rspraggon5w@webeden.co.uk,Bigender,75.231.160.199
214,Winnie,Sidney,wsidney5x@elpais.com,Genderqueer,113.183.139.71
215,Marybeth,Dmitrovic,mdmitrovic5y@senate.gov,Female,91.57.201.247
216,Barbie,Aiton,baiton5z@wikispaces.com,Non-binary,174.33.96.154
217,Erastus,Feaver,efeaver60@yale.edu,Male,90.158.19.124
218,Cornelia,Phippen,cphippen61@mozilla.org,Female,225.98.73.188
219,Madonna,Kolodziej,mkolodziej62@vinaora.com,Female,245.225.229.105
220,Hernando,Dobbinson,hdobbinson63@lycos.com,Male,26.195.129.90
221,Madeline,Garbutt,mgarbutt64@flickr.com,Female,214.227.174.117
222,Etty,Vakhonin,evakhonin65@state.tx.us,Female,220.3.235.163
223,Mindy,Bothram,mbothram66@google.pl,Female,137.58.17.29
224,Brunhilda,Pietruszka,bpietruszka67@umn.edu,Female,98.60.168.89
225,Joli,Wilfling,jwilfling68@chron.com,Female,70.210.37.139
226,Jermain,Norcross,jnorcross69@google.ru,Male,84.66.38.204
227,Lauryn,Witts,lwitts6a@vk.com,Polygender,62.2.94.130
228,Karim,Sandeland,ksandeland6b@earthlink.net,Male,29.198.134.117
229,Emiline,Halvorsen,ehalvorsen6c@fotki.com,Female,222.71.178.251
230,Kenny,Guswell,kguswell6d@imageshack.us,Male,29.236.5.39
231,Jacquelynn,Summerill,jsummerill6e@unblog.fr,Female,44.97.170.254
232,Ollie,Conws,oconws6f@cdbaby.com,Male,169.143.166.36
233,Gaven,Simkovitz,gsimkovitz6g@tiny.cc,Male,98.161.160.32
234,Tandie,Pulley,tpulley6h@sina.com.cn,Female,123.138.2.57
235,Beverlie,Blunderfield,bblunderfield6i@reuters.com,Female,36.235.71.154
236,Andonis,Hoofe,ahoofe6j@over-blog.com,Male,2.142.248.88
237,Robinetta,Aldiss,raldiss6k@drupal.org,Female,180.61.108.139
238,Klaus,Every,kevery6l@ocn.ne.jp,Male,154.30.134.34
239,Page,Dubery,pdubery6m@japanpost.jp,Male,239.37.44.128
240,Dallis,Huntress,dhuntress6n@geocities.jp,Male,159.94.15.183
241,Bobbette,Buzza,bbuzza6o@imdb.com,Female,85.152.88.21
242,Jourdan,Verrill,jverrill6p@webeden.co.uk,Female,248.124.138.26
243,Bendick,Blowfelde,bblowfelde6q@who.int,Male,248.134.51.183
244,Fanya,Voas,fvoas6r@google.co.jp,Female,117.213.195.128
245,Eugenia,Kelcher,ekelcher6s@tinyurl.com,Female,80.117.100.73
246,Honoria,MacVay,hmacvay6t@tinyurl.com,Female,133.238.169.62
247,Daniella,Turnell,dturnell6u@mozilla.com,Female,187.109.170.242
248,Karel,Chiplin,kchiplin6v@paypal.com,Male,245.1.210.183
249,Stefanie,Showell,sshowell6w@comcast.net,Female,79.108.150.7
250,Berkeley,Forri,bforri6x@bluehost.com,Non-binary,167.27.129.71
251,Alexis,Ledward,aledward6y@spiegel.de,Agender,186.250.48.120
252,Cletus,Mabley,cmabley6z@netscape.com,Male,155.103.63.127
253,Dilan,Chastenet,dchastenet70@twitter.com,Non-binary,50.134.223.143
254,Adriena,Cornhill,acornhill71@imgur.com,Female,51.149.61.142
255,Torre,Walburn,twalburn72@taobao.com,Male,199.253.4.168
256,Ode,Ringrose,oringrose73@goo.gl,Male,230.168.158.163
257,Amalle,Prover,aprover74@tuttocitta.it,Female,112.114.60.216
258,Stacia,Piesing,spiesing75@dropbox.com,Female,199.191.37.80
259,Jeanne,Wombwell,jwombwell76@webnode.com,Female,64.252.155.22
260,Denny,Silwood,dsilwood77@economist.com,Male,64.133.14.169
261,Daune,Hillock,dhillock78@msn.com,Female,144.18.72.1
262,Bartholomeo,Bigg,bbigg79@tiny.cc,Male,80.122.108.220
263,Rozalie,Schoolfield,rschoolfield7a@linkedin.com,Female,97.85.110.236
264,Fayina,McCreery,fmccreery7b@parallels.com,Female,41.154.115.239
265,Cyrille,Minto,cminto7c@smh.com.au,Male,153.72.243.172
266,Illa,Harpham,iharpham7d@cyberchimps.com,Female,26.36.142.150
267,Myrta,Dash,mdash7e@aol.com,Female,210.171.231.131
268,Neville,Duckworth,nduckworth7f@ning.com,Male,240.200.98.46
269,Boony,Brookwell,bbrookwell7g@geocities.com,Male,210.59.48.166
270,Morlee,Baston,mbaston7h@huffingtonpost.com,Male,44.226.62.129
271,Redd,Staynes,rstaynes7i@about.me,Male,188.29.6.76
272,Helsa,Tomlin,htomlin7j@mtv.com,Female,7.179.108.95
273,Washington,Ayer,wayer7k@pagesperso-orange.fr,Male,5.61.223.14
274,Harrietta,D'Elia,hdelia7l@example.com,Female,114.13.14.24
275,Scott,Whitcher,swhitcher7m@answers.com,Male,230.191.99.241
276,Vaughn,Colaco,vcolaco7n@techcrunch.com,Male,197.31.89.139
277,Hobie,Olfert,holfert7o@webeden.co.uk,Male,154.82.89.65
278,Cristi,Davidovicz,cdavidovicz7p@gnu.org,Female,170.173.136.135
279,Liesa,Garey,lgarey7q@ameblo.jp,Female,81.160.87.221
280,Linus,McElmurray,lmcelmurray7r@live.com,Male,204.148.129.36
281,Launce,Elwood,lelwood7s@slate.com,Genderfluid,100.231.61.130
282,Oliver,Kewley,okewley7t@google.pl,Male,23.131.159.120
283,Merline,Enderle,menderle7u@taobao.com,Female,67.204.241.135
284,Naoma,Mayow,nmayow7v@freewebs.com,Female,130.227.148.81
285,Aurora,Spaducci,aspaducci7w@nytimes.com,Non-binary,21.31.103.2
286,Sam,Brimblecomb,sbrimblecomb7x@ucoz.com,Female,81.203.69.39
287,Ardelia,Lumbley,alumbley7y@amazon.co.jp,Female,50.178.134.231
288,Ario,Scanterbury,ascanterbury7z@slate.com,Male,8.32.122.168
289,Pauletta,Pitrasso,ppitrasso80@artisteer.com,Female,58.251.83.3
290,Ellsworth,Bream,ebream81@biblegateway.com,Male,23.126.252.210
291,Fernanda,Tallon,ftallon82@auda.org.au,Female,162.175.68.188
292,Michail,Rosenvasser,mrosenvasser83@google.com.au,Male,130.137.6.26
293,Waldo,Woodsford,wwoodsford84@cafepress.com,Male,106.134.93.89
294,Stephannie,Dallender,sdallender85@unesco.org,Female,135.155.253.36
295,Merry,Caslin,mcaslin86@linkedin.com,Polygender,76.67.8.160
296,Batholomew,D'Alwis,bdalwis87@ted.com,Polygender,27.144.33.188
297,Channa,Matei,cmatei88@netscape.com,Female,42.241.96.59
298,Godfry,Scroggie,gscroggie89@ow.ly,Male,233.80.174.73
299,Carleton,Caplis,ccaplis8a@mapy.cz,Male,101.246.17.33
300,Padget,Celand,pceland8b@mapy.cz,Male,79.97.215.191
301,Ash,Holwell,aholwell8c@drupal.org,Male,199.14.19.49
302,Moore,Evelyn,mevelyn8d@a8.net,Male,125.205.236.238
303,Lewie,Bellon,lbellon8e@si.edu,Male,79.92.169.180
304,Mattias,Mitford,mmitford8f@typepad.com,Male,93.108.214.249
305,Nial,Kinahan,nkinahan8g@businessweek.com,Male,221.189.136.55
306,Artur,Weald,aweald8h@craigslist.org,Male,56.126.19.50
307,Link,Darbishire,ldarbishire8i@bing.com,Male,245.128.23.88
308,Chery,Sparshatt,csparshatt8j@youtu.be,Female,248.156.135.20
309,Ewan,McQuin,emcquin8k@netlog.com,Male,112.210.68.212
310,Clement,Enocksson,cenocksson8l@odnoklassniki.ru,Male,63.55.136.131
311,Patsy,Kehir,pkehir8m@so-net.ne.jp,Female,72.165.112.185
312,Catlaina,Hubbocks,chubbocks8n@ed.gov,Female,68.6.156.216
313,Leonerd,Egarr,legarr8o@blogger.com,Male,86.70.153.207
314,Pennie,Nester,pnester8p@sfgate.com,Male,255.17.113.251
315,Enriqueta,Matveyev,ematveyev8q@ebay.co.uk,Female,115.209.206.33
316,Tine,Sexon,tsexon8r@etsy.com,Female,241.170.248.117
317,Kati,Dwelling,kdwelling8s@booking.com,Female,220.37.62.162
318,Sisile,Graeser,sgraeser8t@disqus.com,Female,108.60.129.176
319,Thomasa,Cottom,tcottom8u@networkadvertising.org,Female,26.150.9.76
320,Noreen,Giraudel,ngiraudel8v@slideshare.net,Female,86.184.106.159
321,Dalis,Rookes,drookes8w@economist.com,Male,93.120.107.74
322,Darrell,Gwillym,dgwillym8x@webmd.com,Male,87.97.210.16
323,Carson,Wilcott,cwilcott8y@vimeo.com,Male,31.85.171.37
324,Buddie,Hazeldean,bhazeldean8z@youtu.be,Male,205.229.51.171
325,Britney,Guittet,bguittet90@irs.gov,Female,105.39.229.31
326,Kaye,Brothwood,kbrothwood91@webnode.com,Female,253.243.156.97
327,Allin,Verbrugghen,averbrugghen92@wp.com,Male,119.63.219.225
328,Lucky,Robardet,lrobardet93@wufoo.com,Female,223.44.124.240
329,Dyanne,Trawin,dtrawin94@marketwatch.com,Female,176.222.107.219
330,Marice,Adamiec,madamiec95@google.pl,Female,223.150.201.234
331,Daryl,Lovelace,dlovelace96@rediff.com,Male,13.194.196.251
332,Esteban,Knightsbridge,eknightsbridge97@google.com.br,Male,58.160.96.180
333,Abran,Alsina,aalsina98@homestead.com,Male,130.170.79.231
334,Babbette,Anthonsen,banthonsen99@fda.gov,Female,113.10.108.87
335,Modestine,Treadgear,mtreadgear9a@cmu.edu,Female,39.236.53.141
336,Hernando,Benjefield,hbenjefield9b@squidoo.com,Male,60.213.198.187
337,Dinah,Binny,dbinny9c@twitpic.com,Female,242.180.220.48
338,Lilias,Denyagin,ldenyagin9d@usa.gov,Female,121.49.45.194
339,Valentia,Riseborough,vriseborough9e@weather.com,Female,241.177.7.44
340,Mildred,McCulley,mmcculley9f@umn.edu,Female,208.145.139.20
341,Kimberlyn,Serraillier,kserraillier9g@columbia.edu,Female,8.3.220.216
342,Isis,John,ijohn9h@goo.gl,Female,125.160.171.251
343,Harris,Gorner,hgorner9i@nature.com,Male,115.84.80.52
344,Addison,Wattisham,awattisham9j@house.gov,Male,252.149.189.147
345,Konstantin,Cockshut,kcockshut9k@apple.com,Male,195.143.59.168
346,Leopold,Laval,llaval9l@hao123.com,Male,146.171.65.92
347,Larry,Breeds,lbreeds9m@xinhuanet.com,Male,155.244.16.247
348,Shelton,Duffill,sduffill9n@hhs.gov,Male,34.89.126.190
349,Henri,Saylor,hsaylor9o@vk.com,Male,220.88.144.225
350,Free,Milham,fmilham9p@seesaa.net,Male,145.198.204.222
351,Camel,Slot,cslot9q@smh.com.au,Female,119.209.209.121
352,Mozes,Rookwell,mrookwell9r@vistaprint.com,Male,218.78.117.112
353,Antonetta,Gibbin,agibbin9s@google.com.au,Female,217.140.224.133
354,Modestine,Swiffen,mswiffen9t@aol.com,Female,247.194.232.47
355,Doyle,Obington,dobington9u@mac.com,Male,124.105.179.122
356,Bonnee,Langthorne,blangthorne9v@tiny.cc,Female,17.123.173.103
357,Kent,Hens,khens9w@skype.com,Non-binary,119.129.48.2
358,Laurie,Abrahamsen,labrahamsen9x@europa.eu,Female,103.81.99.75
359,Darrick,Larmet,dlarmet9y@vimeo.com,Male,2.189.88.104
360,Carlotta,Yanson,cyanson9z@bizjournals.com,Female,29.109.99.94
361,Sayers,Simonitto,ssimonittoa0@microsoft.com,Male,252.186.213.119
362,Bettye,Keppie,bkeppiea1@about.me,Female,76.4.28.94
363,Leontyne,Leeuwerink,lleeuwerinka2@github.io,Female,103.15.57.47
364,Ula,Nutbeam,unutbeama3@drupal.org,Female,34.233.131.130
365,Jasmine,Ashwood,jashwooda4@stanford.edu,Genderqueer,197.187.222.127
366,Joline,Sheering,jsheeringa5@live.com,Female,171.20.233.121
367,Onida,Kruschev,okruscheva6@hhs.gov,Female,170.74.168.41
368,Cory,Armsden,carmsdena7@va.gov,Female,226.97.199.92
369,Timofei,Paule,tpaulea8@msn.com,Male,44.197.13.44
370,Dee,MacRinn,dmacrinna9@berkeley.edu,Female,56.192.14.82
371,Halsy,Klemmt,hklemmtaa@ebay.com,Male,199.42.227.185
372,Fabiano,Van Der Weedenburg,fvanderweedenburgab@jiathis.com,Male,68.190.226.26
373,Jacinda,Pharro,jpharroac@google.ru,Female,111.203.42.74
374,Aundrea,Maine,amainead@list-manage.com,Female,251.158.233.144
375,Leola,Basile,lbasileae@nih.gov,Female,8.240.64.56
376,Lane,Vedenyakin,lvedenyakinaf@bbc.co.uk,Genderqueer,23.225.5.188
377,Kelbee,Paddell,kpaddellag@skyrock.com,Male,90.25.54.87
378,Virginie,McMurtyr,vmcmurtyrah@sciencedaily.com,Female,111.170.255.170
379,Kelsi,Babar,kbabarai@cam.ac.uk,Female,233.18.171.206
380,Charity,Stadden,cstaddenaj@shareasale.com,Female,153.232.177.243
381,Rhody,Scarlett,rscarlettak@e-recht24.de,Female,149.54.96.241
382,Adara,Arthan,aarthanal@loc.gov,Female,117.81.11.33
383,Konstantin,Nucator,knucatoram@gnu.org,Male,215.45.45.153
384,Lammond,Rennock,lrennockan@tumblr.com,Male,105.28.103.12
385,Ysabel,Verdun,yverdunao@storify.com,Female,3.187.234.27
386,Piggy,Matuszkiewicz,pmatuszkiewiczap@home.pl,Male,134.80.21.86
387,Izabel,Thomasen,ithomasenaq@dion.ne.jp,Female,46.5.133.237
388,Wenda,Clutterham,wclutterhamar@unc.edu,Female,39.86.209.193
389,Brigitta,McMurrugh,bmcmurrughas@smh.com.au,Female,232.247.77.75
390,Evvy,Sharpless,esharplessat@opera.com,Female,225.58.37.63
391,Malcolm,Workman,mworkmanau@google.it,Agender,251.190.156.94
392,Mersey,Perelli,mperelliav@biglobe.ne.jp,Female,18.78.137.198
393,Chrissy,Shere,cshereaw@buzzfeed.com,Female,251.208.49.39
394,Allix,Bishell,abishellax@digg.com,Female,209.183.46.67
395,Enos,Chazelle,echazelleay@com.com,Male,75.52.179.7
396,Brandy,Saddler,bsaddleraz@berkeley.edu,Female,225.62.252.33
397,Carol,Fradson,cfradsonb0@histats.com,Female,102.64.200.21
398,Barnebas,Ridgley,bridgleyb1@w3.org,Male,57.147.233.90
399,Stoddard,Baglin,sbaglinb2@amazon.com,Female,251.3.192.171
400,Mort,Jozsef,mjozsefb3@simplemachines.org,Male,11.8.67.60
401,Matilda,Lacky,mlackyb4@microsoft.com,Female,173.123.103.130
402,Arny,Gopsall,agopsallb5@phpbb.com,Male,126.83.0.250
403,Tamas,Cow,tcowb6@loc.gov,Male,183.193.250.176
404,Abey,Trobe,atrobeb7@amazon.com,Male,18.58.169.129
405,Nevins,Cotman,ncotmanb8@mtv.com,Male,19.30.34.201
406,Melony,Elles,mellesb9@tripadvisor.com,Female,167.221.218.50
407,Traci,Jervis,tjervisba@so-net.ne.jp,Female,170.146.225.182
408,Britt,Mayston,bmaystonbb@ebay.com,Male,195.123.51.25
409,Hubey,Walbridge,hwalbridgebc@japanpost.jp,Polygender,254.223.185.103
410,Vito,Dunklee,vdunkleebd@webmd.com,Male,142.68.114.2
411,Timofei,Edinburough,tedinburoughbe@google.de,Male,97.149.79.84
412,Umberto,Quernel,uquernelbf@salon.com,Male,151.146.16.172
413,Barnett,Brimner,bbrimnerbg@toplist.cz,Genderqueer,107.14.113.87
414,Staci,Parrott,sparrottbh@surveymonkey.com,Female,113.123.60.80
415,Pen,Devany,pdevanybi@nba.com,Female,232.214.210.42
416,Osmond,Bortolussi,obortolussibj@wufoo.com,Male,120.17.118.188
417,Val,Riste,vristebk@bing.com,Male,201.135.136.132
418,Brockie,Culpen,bculpenbl@arstechnica.com,Male,215.163.13.26
419,Fernando,De La Salle,fdelasallebm@ucoz.ru,Male,160.181.219.74
420,Kristy,Dumsday,kdumsdaybn@bluehost.com,Genderfluid,108.93.190.195
421,Eldridge,Ripley,eripleybo@senate.gov,Genderfluid,144.214.249.156
422,Pavlov,Foro,pforobp@ca.gov,Male,121.240.25.98
423,Valencia,Livock,vlivockbq@over-blog.com,Female,213.177.96.25
424,Ruthie,Trafford,rtraffordbr@e-recht24.de,Female,236.38.139.223
425,Humbert,Durrant,hdurrantbs@squarespace.com,Male,214.64.227.216
426,Colline,Hessentaler,chessentalerbt@icq.com,Female,87.94.150.245
427,Rudolfo,Ritmeier,rritmeierbu@topsy.com,Male,138.125.4.253
428,Artie,Rosenvasser,arosenvasserbv@loc.gov,Male,92.146.178.122
429,Bronson,Sterley,bsterleybw@opera.com,Male,236.247.0.105
430,Alexandro,Nobriga,anobrigabx@hibu.com,Male,19.40.20.163
431,Sandy,Luisetti,sluisettiby@nps.gov,Female,122.109.243.214
432,Zack,Lillford,zlillfordbz@cnn.com,Male,64.86.146.5
433,Duff,Chyuerton,dchyuertonc0@moonfruit.com,Male,35.156.151.25
434,Eloisa,Slixby,eslixbyc1@cargocollective.com,Female,87.24.204.16
435,Sky,Lemasney,slemasneyc2@howstuffworks.com,Male,40.244.81.80
436,Alane,Duffet,aduffetc3@arizona.edu,Female,92.99.55.53
437,Merissa,Scothorne,mscothornec4@irs.gov,Female,251.36.68.191
438,Chere,Vamplew,cvamplewc5@nifty.com,Female,246.147.3.237
439,Randy,Strutley,rstrutleyc6@uol.com.br,Male,22.58.34.155
440,Matelda,Venard,mvenardc7@newsvine.com,Female,2.44.75.76
441,Valle,Shrubsall,vshrubsallc8@aol.com,Male,47.124.31.0
442,Klement,Blaber,kblaberc9@tinypic.com,Male,237.94.101.26
443,Alain,Risdall,arisdallca@csmonitor.com,Male,89.107.191.123
444,Isadore,Heiss,iheisscb@scribd.com,Male,65.225.7.42
445,Cari,Goldes,cgoldescc@wiley.com,Female,196.219.191.134
446,Adriena,Renals,arenalscd@europa.eu,Female,74.78.240.173
447,Valentina,Bratton,vbrattonce@blogtalkradio.com,Female,87.71.197.10
448,Porty,Ricker,prickercf@issuu.com,Male,108.48.197.95
449,Vanna,Frushard,vfrushardcg@usa.gov,Female,38.50.197.121
450,Arnie,Sessuns,asessunsch@is.gd,Male,2.46.38.227
451,Eugenius,Pedley,epedleyci@e-recht24.de,Male,176.58.85.58
452,Freida,Milmo,fmilmocj@uol.com.br,Female,127.173.114.195
453,Cary,Korejs,ckorejsck@wufoo.com,Female,26.230.38.146
454,Gerardo,Abarough,gabaroughcl@prlog.org,Male,84.115.166.152
455,Alexi,Goldwater,agoldwatercm@tripadvisor.com,Female,129.95.159.27
456,Luther,Capey,lcapeycn@unicef.org,Male,202.44.171.123
457,Merwin,Mulkerrins,mmulkerrinsco@barnesandnoble.com,Male,21.116.85.224
458,Merrili,Dainty,mdaintycp@yolasite.com,Female,40.156.46.193
459,Genny,Knaggs,gknaggscq@freewebs.com,Female,102.113.45.199
460,Flore,Ronisch,fronischcr@yelp.com,Female,190.15.30.111
461,Mayer,De Lisle,mdelislecs@flavors.me,Male,153.80.45.6
462,Quincy,Keitley,qkeitleyct@cpanel.net,Male,48.147.80.165
463,Lusa,Skeggs,lskeggscu@nih.gov,Female,254.148.183.173
464,Patrice,Vickarman,pvickarmancv@arstechnica.com,Female,169.151.18.127
465,Ange,Gallager,agallagercw@theglobeandmail.com,Female,2.184.51.5
466,Gordie,Isley,gisleycx@surveymonkey.com,Male,105.186.57.53
467,Therese,Attrill,tattrillcy@shutterfly.com,Female,26.106.186.21
468,Timotheus,Geal,tgealcz@buzzfeed.com,Male,218.71.172.15
469,Neila,Zorzin,nzorzind0@patch.com,Female,117.164.156.1
470,Reginald,Lloyd,rlloydd1@clickbank.net,Male,149.97.18.177
471,Meade,Wakelam,mwakelamd2@cbslocal.com,Female,171.241.253.253
472,Clayson,Lademann,clademannd3@pcworld.com,Male,135.38.61.223
473,Alfredo,Scrowton,ascrowtond4@ehow.com,Male,12.176.13.155
474,Filippa,Lassey,flasseyd5@senate.gov,Agender,248.164.79.133
475,Adeline,Bernardino,abernardinod6@wisc.edu,Female,199.121.65.195
476,Amalle,MacElroy,amacelroyd7@dell.com,Female,146.239.94.96
477,Ludwig,Matchett,lmatchettd8@printfriendly.com,Male,77.88.21.237
478,Shurlocke,Betham,sbethamd9@arstechnica.com,Male,206.188.130.224
479,Levi,Jewkes,ljewkesda@ucsd.edu,Male,254.219.32.75
480,Sergio,De Benedetti,sdebenedettidb@over-blog.com,Male,237.3.1.150
481,Ortensia,Brounfield,obrounfielddc@vimeo.com,Female,18.239.104.143
482,Taddeusz,Kisbee,tkisbeedd@rambler.ru,Bigender,31.33.9.254
483,Estrella,Degoe,edegoede@ucoz.ru,Female,195.176.79.50
484,Mallorie,Dreschler,mdreschlerdf@dyndns.org,Female,87.104.116.168
485,Sonnie,Stanton,sstantondg@shop-pro.jp,Non-binary,251.83.47.10
486,Katalin,Sime,ksimedh@usgs.gov,Female,212.117.122.116
487,Ben,Shallow,bshallowdi@webs.com,Male,218.17.26.4
488,Trumann,Mansel,tmanseldj@howstuffworks.com,Male,129.180.107.198
489,Kaylil,MacKereth,kmackerethdk@purevolume.com,Female,116.0.178.65
490,Christy,McGann,cmcganndl@weather.com,Female,145.5.203.54
491,Edsel,Phebey,ephebeydm@lycos.com,Male,216.9.10.225
492,Renate,Muck,rmuckdn@amazon.de,Female,233.208.153.67
493,Holly,Edson,hedsondo@bizjournals.com,Male,9.185.197.130
494,Batholomew,Kilminster,bkilminsterdp@opensource.org,Male,14.156.158.87
495,Maire,Izzatt,mizzattdq@angelfire.com,Female,36.182.228.126
496,Jim,Dillimore,jdillimoredr@nhs.uk,Male,55.150.223.121
497,Aleen,Ninnis,aninnisds@bandcamp.com,Female,121.171.0.21
498,Dorothy,Di Antonio,ddiantoniodt@123-reg.co.uk,Female,229.197.103.232
499,Olimpia,Pitrollo,opitrollodu@bloglines.com,Female,209.197.14.89
500,Alexandro,Gounel,agouneldv@narod.ru,Male,190.122.148.7
501,Elli,Bellringer,ebellringerdw@wikia.com,Female,55.58.0.249
502,Cassondra,Copley,ccopleydx@google.ca,Female,199.155.36.79
503,Bryan,Giraudou,bgiraudoudy@businessinsider.com,Male,94.214.98.186
504,Tamara,Fragino,tfraginodz@cam.ac.uk,Female,100.136.0.209
505,Emlynne,Symondson,esymondsone0@csmonitor.com,Agender,199.24.173.244
506,Craggie,Micklewicz,cmicklewicze1@clickbank.net,Male,12.118.153.83
507,Annetta,Roskeilly,aroskeillye2@alexa.com,Female,116.214.144.138
508,Patton,Waith,pwaithe3@unicef.org,Non-binary,36.197.207.104
509,Roderic,Klimsch,rklimsche4@printfriendly.com,Agender,45.74.42.120
510,Grantham,Van Der Weedenburg,gvanderweedenburge5@icq.com,Male,139.76.189.111
511,Everard,Provest,eproveste6@cocolog-nifty.com,Male,75.117.57.86
512,Mariette,Longstaff,mlongstaffe7@4shared.com,Female,115.177.88.151
513,Jilli,Yendle,jyendlee8@cyberchimps.com,Female,146.64.81.149
514,Steffen,Pim,spime9@reuters.com,Male,199.98.27.129
515,Carlie,Fullerd,cfullerdea@sohu.com,Male,66.216.24.245
516,Wylma,Rannells,wrannellseb@scientificamerican.com,Female,254.130.80.227
517,Demetri,Godilington,dgodilingtonec@nature.com,Male,29.154.15.102
518,Smith,Lukins,slukinsed@miitbeian.gov.cn,Male,185.154.56.209
519,Burch,Ianelli,bianelliee@fema.gov,Male,189.251.202.8
520,Beverie,Cannon,bcannonef@goo.gl,Female,107.73.196.122
521,Augusta,Hanfrey,ahanfreyeg@irs.gov,Female,136.32.149.202
522,Ulla,Jacobsson,ujacobssoneh@upenn.edu,Female,1.107.75.232
523,Eliot,Porcas,eporcasei@is.gd,Male,42.210.186.101
524,Marrissa,Wethered,mwetheredej@ucla.edu,Polygender,176.136.214.148
525,Sabine,Tuxell,stuxellek@marriott.com,Female,210.7.59.77
526,Alasdair,Marsham,amarshamel@nymag.com,Non-binary,243.82.205.248
527,Ashlin,Gabrieli,agabrieliem@nyu.edu,Male,210.134.180.191
528,Zahara,Beer,zbeeren@reddit.com,Female,90.193.109.13
529,Angel,McTrustie,amctrustieeo@baidu.com,Female,87.201.178.145
530,Martin,Ezzy,mezzyep@altervista.org,Male,220.176.192.130
531,Rudolph,Palphreyman,rpalphreymaneq@bigcartel.com,Male,254.169.81.162
532,Marylinda,Bagworth,mbagworther@nature.com,Female,137.202.210.243
533,Valerye,Tiery,vtieryes@hostgator.com,Female,58.117.63.233
534,Monro,Eveling,mevelinget@deviantart.com,Male,190.96.238.118
535,Kris,Darwent,kdarwenteu@wufoo.com,Female,20.108.166.180
536,Brandise,Lansdale,blansdaleev@wunderground.com,Female,221.164.36.103
537,Amber,Osorio,aosorioew@wikia.com,Female,13.221.232.185
538,Brice,Revie,brevieex@rediff.com,Male,14.215.138.33
539,Eberto,Pascall,epascalley@webmd.com,Genderqueer,228.239.160.62
540,Lizzy,Syversen,lsyversenez@diigo.com,Female,95.254.141.88
541,Serene,Sealey,ssealeyf0@ovh.net,Female,112.228.125.63
542,Kellby,Rops,kropsf1@senate.gov,Male,252.15.139.85
543,Friederike,Gladstone,fgladstonef2@constantcontact.com,Female,169.68.138.165
544,Audry,Morling,amorlingf3@etsy.com,Female,158.65.95.223
545,Titos,Grishenkov,tgrishenkovf4@illinois.edu,Male,126.139.179.201
546,Diana,Dillimore,ddillimoref5@walmart.com,Female,5.100.190.53
547,Sherwood,Faussett,sfaussettf6@webmd.com,Male,240.206.246.130
548,Sherie,Leigh,sleighf7@fda.gov,Female,3.61.105.100
549,Earlie,Dealy,edealyf8@java.com,Male,229.220.53.149
550,Cloris,Trythall,ctrythallf9@naver.com,Female,202.116.180.78
551,Madalena,Abbatt,mabbattfa@rediff.com,Female,113.126.144.38
552,Philip,Barwis,pbarwisfb@comsenz.com,Male,20.82.227.50
553,Kerianne,Van Waadenburg,kvanwaadenburgfc@histats.com,Agender,171.172.206.175
554,Sidonnie,Bonnick,sbonnickfd@tripod.com,Female,57.134.234.40
555,Colly,Lambeth,clambethfe@yelp.com,Female,155.25.128.208
556,Timofei,Tritten,ttrittenff@sphinn.com,Male,143.131.91.221
557,Tatiana,McGirl,tmcgirlfg@lycos.com,Female,104.10.154.0
558,Lorinda,Doud,ldoudfh@altervista.org,Female,81.246.194.247
559,Hendrik,Braidman,hbraidmanfi@behance.net,Male,129.234.137.48
560,Giffard,Starkings,gstarkingsfj@timesonline.co.uk,Male,254.161.52.137
561,Garvin,Gunbie,ggunbiefk@scientificamerican.com,Male,35.15.208.250
562,Pauletta,Pedel,ppedelfl@va.gov,Female,26.97.140.45
563,Barbabas,Greason,bgreasonfm@photobucket.com,Male,65.80.226.95
564,Dominique,Gary,dgaryfn@i2i.jp,Female,119.60.125.249
565,Robb,Sarchwell,rsarchwellfo@free.fr,Genderfluid,175.102.12.136
566,Domenico,Skedge,dskedgefp@msu.edu,Male,137.16.65.41
567,Dominic,Fairholme,dfairholmefq@spotify.com,Male,144.220.222.252
568,Ardenia,Arbor,aarborfr@1688.com,Female,150.135.254.49
569,Shamus,Andre,sandrefs@reverbnation.com,Male,49.184.139.183
570,Katusha,Stockman,kstockmanft@usda.gov,Female,83.200.249.218
571,Birk,Paulucci,bpauluccifu@symantec.com,Male,65.31.105.150
572,Toinette,Hills,thillsfv@cargocollective.com,Female,226.15.88.109
573,Tova,Clendening,tclendeningfw@angelfire.com,Genderqueer,145.151.120.35
574,Rudolfo,Menauteau,rmenauteaufx@chron.com,Male,116.85.162.64
575,Salomone,Biskupiak,sbiskupiakfy@deviantart.com,Male,170.209.62.239
576,Deina,Duxbarry,dduxbarryfz@unc.edu,Female,65.205.251.9
577,Rob,Fawley,rfawleyg0@phoca.cz,Male,86.98.147.166
578,Darelle,MacPharlain,dmacpharlaing1@msu.edu,Agender,49.90.75.37
579,Dulcy,Paddy,dpaddyg2@cdc.gov,Female,170.80.125.163
580,Stefa,Streeten,sstreeteng3@dion.ne.jp,Female,58.131.55.16
581,Conan,Toner,ctonerg4@home.pl,Male,74.103.87.128
582,Muffin,Mangham,mmanghamg5@arizona.edu,Male,19.225.117.45
583,Stanleigh,Banthorpe,sbanthorpeg6@nationalgeographic.com,Male,37.172.94.19
584,Theo,Hardson,thardsong7@army.mil,Male,22.146.203.189
585,Price,Beentjes,pbeentjesg8@google.co.uk,Male,235.202.51.88
586,Tomasine,Bilbrey,tbilbreyg9@goodreads.com,Female,89.70.186.9
587,Ulysses,Methley,umethleyga@pcworld.com,Male,6.228.98.250
588,Tabor,Boyer,tboyergb@toplist.cz,Male,114.2.109.133
589,Lenora,Shedden,lsheddengc@reference.com,Non-binary,187.189.60.104
590,Corrie,Height,cheightgd@csmonitor.com,Male,67.49.226.158
591,Benn,Chaulk,bchaulkge@europa.eu,Male,243.28.38.195
592,Almira,Yerborn,ayerborngf@qq.com,Polygender,100.250.88.126
593,Maximilien,Headley,mheadleygg@senate.gov,Male,65.129.53.43
594,Lindsey,Bousfield,lbousfieldgh@alibaba.com,Non-binary,84.16.70.82
595,Sherwynd,Doherty,sdohertygi@army.mil,Male,65.196.107.49
596,Lucy,Gration,lgrationgj@ovh.net,Female,65.6.228.193
597,Galina,Norquoy,gnorquoygk@rakuten.co.jp,Female,198.214.73.5
598,Joline,Ormond,jormondgl@dropbox.com,Non-binary,180.72.69.244
599,Leonelle,Neljes,lneljesgm@studiopress.com,Bigender,174.242.78.40
600,Neala,Izkoveski,nizkoveskign@prnewswire.com,Female,2.255.3.43
601,Percy,Plenty,pplentygo@elegantthemes.com,Male,64.103.208.47
602,Jere,Daskiewicz,jdaskiewiczgp@lycos.com,Female,4.125.161.158
603,Roldan,Antushev,rantushevgq@squidoo.com,Male,245.101.52.227
604,Philip,Simonin,psimoningr@ox.ac.uk,Male,167.13.179.216
605,Ezequiel,Beacham,ebeachamgs@yellowpages.com,Male,152.55.101.196
606,Gilberte,Louis,glouisgt@columbia.edu,Female,48.242.155.212
607,Skipper,Pude,spudegu@examiner.com,Male,28.222.113.43
608,Bil,Gelland,bgellandgv@mashable.com,Male,176.211.175.128
609,Rozamond,Artist,rartistgw@mapy.cz,Female,101.118.184.24
610,Kerk,Matthai,kmatthaigx@dedecms.com,Male,25.234.137.69
611,Miran,Sivyer,msivyergy@yale.edu,Female,132.181.86.237
612,Paulie,Allso,pallsogz@craigslist.org,Male,170.117.23.9
613,Roth,Labdon,rlabdonh0@hp.com,Male,93.245.89.214
614,Rory,Thowes,rthowesh1@cyberchimps.com,Male,120.92.79.60
615,Renard,Soal,rsoalh2@china.com.cn,Male,142.100.127.253
616,Rossy,Ryton,rrytonh3@weebly.com,Male,171.20.35.194
617,Dexter,MacNamee,dmacnameeh4@shutterfly.com,Agender,31.165.248.12
618,Alessandro,Biddiss,abiddissh5@paypal.com,Male,90.26.42.197
619,Thom,Heaps,theapsh6@msn.com,Male,25.1.228.134
620,Ade,Montrose,amontroseh7@google.co.jp,Male,166.231.174.34
621,Clayton,Lysaght,clysaghth8@pinterest.com,Male,2.145.5.7
622,Cherice,Veracruysse,cveracruysseh9@google.es,Female,214.187.145.246
623,Alvan,Lambert-Ciorwyn,alambertciorwynha@globo.com,Male,202.157.11.32
624,Bernelle,Espinola,bespinolahb@aboutads.info,Female,199.181.49.200
625,Witty,Lill,wlillhc@nih.gov,Bigender,54.157.16.3
626,Taylor,Becaris,tbecarishd@addthis.com,Male,239.179.240.164
627,Sherman,Rogge,sroggehe@ed.gov,Male,232.174.163.136
628,Clarence,Prince,cprincehf@networksolutions.com,Male,30.81.57.193
629,Steven,Gulleford,sgullefordhg@walmart.com,Male,100.41.105.42
630,Derick,Sterry,dsterryhh@infoseek.co.jp,Male,253.232.153.207
631,Mella,Lorman,mlormanhi@utexas.edu,Female,117.225.200.57
632,Osbert,Hayne,ohaynehj@stanford.edu,Male,66.18.251.86
633,Scarlett,Vondra,svondrahk@so-net.ne.jp,Female,196.209.130.68
634,Wolfie,Adkins,wadkinshl@fc2.com,Male,107.168.127.134
635,Burgess,Anslow,banslowhm@amazon.com,Male,92.59.208.246
636,Lauren,Shrimptone,lshrimptonehn@ibm.com,Female,59.181.159.166
637,Jimmie,Stickens,jstickensho@over-blog.com,Male,217.150.135.76
638,Park,Caslett,pcasletthp@slashdot.org,Male,162.220.24.226
639,Kennith,Honnicott,khonnicotthq@umich.edu,Male,38.153.208.96
640,Sarena,Sclanders,ssclandershr@xinhuanet.com,Female,75.6.223.21
641,Wynn,Cay,wcayhs@dot.gov,Polygender,5.50.150.84
642,Cordi,Sessions,csessionsht@nba.com,Female,31.34.85.186
643,Ferdinand,Riach,friachhu@is.gd,Agender,191.38.216.8
644,Carrie,Ciccarelli,cciccarellihv@myspace.com,Female,63.61.194.247
645,Henka,Petyt,hpetythw@jigsy.com,Female,115.189.215.158
646,Arlen,Mainz,amainzhx@reverbnation.com,Male,213.224.244.196
647,Cassandry,Kuhnert,ckuhnerthy@example.com,Female,99.39.48.111
648,Milty,Mayberry,mmayberryhz@ft.com,Male,156.253.30.138
649,Anselm,Sidnall,asidnalli0@soundcloud.com,Male,94.9.135.148
650,Ruby,Rumford,rrumfordi1@purevolume.com,Male,8.170.23.97
651,Loreen,Lampart,llamparti2@upenn.edu,Female,136.161.225.123
652,Cletis,Laffin,claffini3@fda.gov,Male,146.249.138.147
653,Akim,Theunissen,atheunisseni4@ucoz.com,Male,218.175.221.244
654,Abdel,Bezzant,abezzanti5@tiny.cc,Male,0.78.176.169
655,Elora,Duffil,eduffili6@exblog.jp,Female,193.252.189.44
656,Sutherlan,Rzehor,srzehori7@artisteer.com,Male,62.88.166.164
657,Corliss,Diggar,cdiggari8@flickr.com,Female,192.20.98.234
658,Lavena,Seppey,lseppeyi9@biglobe.ne.jp,Female,88.170.78.20
659,Ludovico,Stroud,lstroudia@diigo.com,Male,69.184.206.50
660,Micky,McKimmey,mmckimmeyib@prweb.com,Male,118.85.155.189
661,Vonnie,Bulteel,vbulteelic@google.fr,Female,147.62.156.216
662,Kelcey,Szymonwicz,kszymonwiczid@bandcamp.com,Female,68.69.119.108
663,Berke,Danks,bdanksie@independent.co.uk,Male,172.80.103.248
664,Ozzy,Dodridge,ododridgeif@gmpg.org,Male,162.18.216.25
665,Joye,Plet,jpletig@globo.com,Female,27.241.40.22
666,Fionnula,Babcock,fbabcockih@t-online.de,Female,236.245.49.149
667,Jesus,Cheverell,jcheverellii@t.co,Male,157.88.62.130
668,Alice,Sieb,asiebij@youtu.be,Agender,235.156.58.243
669,Diarmid,Westpfel,dwestpfelik@nsw.gov.au,Male,154.80.157.150
670,Cullin,Bowker,cbowkeril@scribd.com,Male,43.139.116.51
671,Krista,Buckthorp,kbuckthorpim@amazon.com,Agender,175.189.55.40
672,Veronika,Bernhardi,vbernhardiin@army.mil,Female,171.181.180.16
673,Kyle,Barenskie,kbarenskieio@tuttocitta.it,Female,41.11.233.189
674,Alexei,Olsson,aolssonip@e-recht24.de,Male,53.239.13.236
675,Lorraine,Collopy,lcollopyiq@technorati.com,Female,190.93.4.138
676,Shawnee,Axten,saxtenir@icq.com,Female,46.240.52.179
677,Anthe,Ropkins,aropkinsis@abc.net.au,Female,49.9.228.163
678,Cynthy,Flowerdew,cflowerdewit@hibu.com,Female,178.70.199.250
679,Dwain,Ceresa,dceresaiu@github.com,Male,97.75.68.124
680,Fifi,Szachniewicz,fszachniewicziv@paginegialle.it,Female,64.45.104.81
681,Aurora,Loosemore,aloosemoreiw@latimes.com,Female,75.52.191.237
682,Ingra,Nevett,inevettix@ask.com,Male,192.78.176.60
683,Terrel,Vigars,tvigarsiy@disqus.com,Male,214.67.222.233
684,Harland,Kalisz,hkalisziz@youku.com,Male,81.171.127.86
685,Padgett,Sallter,psallterj0@yahoo.com,Male,94.239.85.6
686,Garnet,Aldam,galdamj1@com.com,Female,204.27.229.27
687,Tremain,Fulop,tfulopj2@altervista.org,Male,49.157.94.175
688,Rickey,De Ruel,rderuelj3@amazon.de,Male,102.216.177.12
689,Vinnie,Virr,vvirrj4@buzzfeed.com,Male,127.50.218.96
690,Agustin,Skures,askuresj5@hostgator.com,Male,57.178.112.35
691,Maurizio,Jory,mjoryj6@mail.ru,Male,209.198.93.129
692,Willie,Tumasian,wtumasianj7@com.com,Male,189.240.134.232
693,Rickey,Minci,rmincij8@studiopress.com,Male,169.151.73.218
694,Base,Marusic,bmarusicj9@about.com,Male,41.53.196.70
695,Connie,Dunsford,cdunsfordja@vinaora.com,Male,177.240.172.232
696,Anestassia,Ricardin,aricardinjb@loc.gov,Female,71.69.221.10
697,Jolie,Pauler,jpaulerjc@state.tx.us,Female,85.106.149.106
698,Cristian,Hooban,choobanjd@reuters.com,Male,159.125.200.34
699,Lyon,Bedlington,lbedlingtonje@google.pl,Male,42.168.31.16
700,Raven,Varvell,rvarvelljf@mayoclinic.com,Female,125.59.55.132
701,Saudra,Hearfield,shearfieldjg@answers.com,Female,237.221.41.43
702,Winni,Robertshaw,wrobertshawjh@mit.edu,Female,189.149.87.46
703,Maisey,Goodlet,mgoodletji@tmall.com,Female,221.168.13.160
704,Lorena,Bignal,lbignaljj@live.com,Female,12.108.36.120
705,Pieter,Leonarde,pleonardejk@flavors.me,Male,244.127.227.73
706,Maxwell,Moody,mmoodyjl@bloglovin.com,Male,252.123.102.176
707,Merrielle,Tuohy,mtuohyjm@upenn.edu,Polygender,83.203.43.58
708,Stephanus,Aikenhead,saikenheadjn@twitpic.com,Male,169.77.108.131
709,Hunter,Crohan,hcrohanjo@about.me,Male,137.118.113.229
710,Ame,Liddy,aliddyjp@arizona.edu,Female,154.3.184.230
711,Zelma,Quincey,zquinceyjq@furl.net,Non-binary,82.19.68.19
712,Northrop,Blondel,nblondeljr@toplist.cz,Male,201.166.228.157
713,Eadmund,Rennebach,erennebachjs@tamu.edu,Male,83.164.241.88
714,Angelika,Biskupski,abiskupskijt@people.com.cn,Female,155.175.105.46
715,Paulo,Begwell,pbegwellju@ovh.net,Male,27.168.139.177
716,Porty,Assante,passantejv@netvibes.com,Male,227.28.60.11
717,Emmy,Bucktharp,ebucktharpjw@statcounter.com,Female,85.64.219.146
718,Boote,Pirdue,bpirduejx@unblog.fr,Male,141.246.247.52
719,Ozzy,Devonald,odevonaldjy@omniture.com,Male,60.246.125.15
720,Ferne,Beazer,fbeazerjz@ucoz.com,Female,238.12.42.219
721,Tomas,Pellant,tpellantk0@google.ru,Male,68.247.161.162
722,Dar,Wann,dwannk1@github.com,Male,51.127.236.161
723,Randi,Neilands,rneilandsk2@eepurl.com,Female,100.64.129.151
724,Heddi,Makinson,hmakinsonk3@bluehost.com,Female,249.23.20.12
725,Currey,Haugeh,chaugehk4@xinhuanet.com,Male,173.164.158.134
726,Cynthea,Gartshore,cgartshorek5@dagondesign.com,Female,233.63.154.220
727,Jaymie,Marnes,jmarnesk6@washingtonpost.com,Male,117.221.229.40
728,Durward,Poplee,dpopleek7@amazonaws.com,Bigender,150.111.33.51
729,Kameko,Darth,kdarthk8@exblog.jp,Female,98.38.36.125
730,Rainer,Le Franc,rlefranck9@nba.com,Male,19.51.201.137
731,Werner,Wyrill,wwyrillka@typepad.com,Male,57.64.3.79
732,Amalle,Liggett,aliggettkb@behance.net,Genderfluid,54.46.43.84
733,Malia,Kadar,mkadarkc@prnewswire.com,Female,59.161.187.125
734,Andrus,Walas,awalaskd@multiply.com,Genderfluid,56.104.147.253
735,Teddie,Lardge,tlardgeke@oracle.com,Male,41.25.130.13
736,Michel,Leeman,mleemankf@marriott.com,Male,194.56.20.149
737,Amy,Cejka,acejkakg@163.com,Female,195.136.113.98
738,Merill,Colling,mcollingkh@google.nl,Genderfluid,19.8.212.56
739,Sandor,Corro,scorroki@marriott.com,Male,106.17.53.182
740,Thoma,Conradie,tconradiekj@upenn.edu,Male,145.147.241.203
741,Kissiah,Blumson,kblumsonkk@wisc.edu,Female,12.118.18.201
742,Gwenni,Barens,gbarenskl@dmoz.org,Agender,88.69.38.128
743,Helli,Somerled,hsomerledkm@sakura.ne.jp,Female,36.44.86.137
744,Merrick,Bichard,mbichardkn@addthis.com,Male,168.92.43.5
745,Darda,Creaven,dcreavenko@nasa.gov,Female,30.190.181.101
746,Chelsae,Sawyers,csawyerskp@ustream.tv,Female,187.146.220.203
747,Kane,Fancet,kfancetkq@yale.edu,Male,114.15.250.218
748,Liliane,Faucett,lfaucettkr@wix.com,Female,113.27.204.161
749,Bron,Dugue,bdugueks@skyrock.com,Male,239.15.51.54
750,Abbey,Deverale,adeveralekt@stanford.edu,Female,22.221.165.242
751,Nettle,Tosspell,ntosspellku@youtu.be,Female,39.30.73.158
752,Katya,Muldoon,kmuldoonkv@theatlantic.com,Female,95.124.194.242
753,Maia,Gier,mgierkw@theguardian.com,Female,41.203.19.95
754,Joshuah,Dunbobbin,jdunbobbinkx@microsoft.com,Male,238.85.175.94
755,Mella,Worgan,mworganky@goo.ne.jp,Female,104.94.54.39
756,Denys,Overthrow,doverthrowkz@sakura.ne.jp,Bigender,217.36.126.67
757,Lorettalorna,Bixley,lbixleyl0@furl.net,Female,106.132.79.72
758,Michele,De Fries,mdefriesl1@slate.com,Female,154.114.212.153
759,Scarlet,Withams,swithamsl2@ameblo.jp,Female,250.182.130.53
760,Alon,Galliver,agalliverl3@nymag.com,Male,230.11.247.191
761,Rog,Giabuzzi,rgiabuzzil4@boston.com,Male,180.26.237.31
762,Edgard,Corcut,ecorcutl5@geocities.com,Male,157.122.7.243
763,Fleming,Eskrigge,feskriggel6@github.com,Male,244.50.201.48
764,Ag,Simonitto,asimonittol7@aboutads.info,Female,89.232.70.242
765,Juliann,Gilbanks,jgilbanksl8@cbsnews.com,Genderfluid,234.151.0.40
766,Monro,Sumption,msumptionl9@tmall.com,Male,204.30.51.122
767,Kristopher,Benbow,kbenbowla@earthlink.net,Male,230.182.160.54
768,Gail,Conibere,gconiberelb@nbcnews.com,Female,251.245.141.144
769,Corissa,McAmish,cmcamishlc@cloudflare.com,Female,128.75.213.10
770,Joachim,Nulty,jnultyld@howstuffworks.com,Male,83.47.29.92
771,Sigmund,Chatfield,schatfieldle@w3.org,Male,247.145.73.232
772,Nikki,Towndrow,ntowndrowlf@hp.com,Genderfluid,15.230.209.248
773,Prudence,Girardetti,pgirardettilg@senate.gov,Agender,169.20.83.186
774,Arvy,Willshire,awillshirelh@4shared.com,Male,152.176.240.203
775,Priscella,Saylor,psaylorli@gizmodo.com,Female,176.141.67.230
776,Kasper,Glader,kgladerlj@wp.com,Male,8.203.75.39
777,Gennie,Macconachy,gmacconachylk@wiley.com,Female,180.249.98.253
778,Kalvin,Owenson,kowensonll@sina.com.cn,Male,122.221.164.180
779,Katinka,Panter,kpanterlm@google.es,Female,130.203.188.6
780,Goldarina,Oxteby,goxtebyln@skyrock.com,Female,3.7.114.43
781,Sibyl,Fremantle,sfremantlelo@umn.edu,Female,100.96.217.107
782,Ansel,Link,alinklp@webs.com,Male,246.100.3.78
783,Neall,Rushmer,nrushmerlq@fotki.com,Male,14.42.249.135
784,Drucill,Reiling,dreilinglr@4shared.com,Female,40.216.220.124
785,Jay,Redgrove,jredgrovels@reuters.com,Male,38.24.244.193
786,Paolo,Syrett,psyrettlt@ca.gov,Male,47.205.5.252
787,Gayle,Verdun,gverdunlu@surveymonkey.com,Male,246.188.85.92
788,Veronica,Sterzaker,vsterzakerlv@livejournal.com,Female,9.204.167.112
789,Toni,Ockendon,tockendonlw@ning.com,Female,51.23.158.252
790,Isaac,Yorke,iyorkelx@china.com.cn,Male,157.244.152.188
791,Sherwin,Blenkensop,sblenkensoply@about.com,Male,173.20.4.130
792,Fransisco,Smoughton,fsmoughtonlz@nyu.edu,Male,49.160.118.57
793,Sasha,Gurley,sgurleym0@networksolutions.com,Female,59.58.154.220
794,Faydra,Fickling,fficklingm1@adobe.com,Female,5.44.130.146
795,Percy,Sleep,psleepm2@domainmarket.com,Male,54.241.149.84
796,Naoma,Flaherty,nflahertym3@gnu.org,Female,193.146.167.200
797,Base,Riep,briepm4@state.tx.us,Male,113.230.238.253
798,Lanni,Parsley,lparsleym5@ow.ly,Female,14.190.57.138
799,Angil,Dronsfield,adronsfieldm6@canalblog.com,Female,140.227.76.122
800,Linzy,Prest,lprestm7@reverbnation.com,Female,64.65.135.65
801,Uriah,Oakenfull,uoakenfullm8@virginia.edu,Male,118.49.211.3
802,Christin,Roddan,croddanm9@jimdo.com,Female,16.42.74.17
803,Bridget,Bourgour,bbourgourma@wikipedia.org,Female,132.28.81.254
804,Stormy,Gilliard,sgilliardmb@moonfruit.com,Female,244.221.100.138
805,Budd,Maas,bmaasmc@furl.net,Male,141.33.184.17
806,Cynthy,Seppey,cseppeymd@deviantart.com,Female,109.237.208.113
807,Arda,Plumb,aplumbme@yahoo.co.jp,Female,170.57.244.63
808,Brandon,Lougheid,blougheidmf@ucoz.ru,Male,125.111.247.17
809,Barthel,Tibols,btibolsmg@mac.com,Male,153.156.87.53
810,Tamera,Shillington,tshillingtonmh@istockphoto.com,Female,77.154.137.85
811,Inglebert,Zack,izackmi@vimeo.com,Male,242.70.236.98
812,Fannie,Trenholm,ftrenholmmj@about.me,Female,240.222.144.196
813,Damiano,Grouse,dgrousemk@marketwatch.com,Male,176.160.26.187
814,Farlay,Porritt,fporrittml@dailymotion.com,Male,104.49.214.239
815,Berny,Beswetherick,bbeswetherickmm@un.org,Male,6.78.154.159
816,Umberto,Cargo,ucargomn@blogtalkradio.com,Male,147.153.26.122
817,Bradney,Le Barre,blebarremo@npr.org,Male,89.188.244.220
818,Bald,Marks,bmarksmp@a8.net,Male,188.27.211.82
819,Bridie,Endicott,bendicottmq@arstechnica.com,Female,74.186.106.91
820,Josefa,Geroldi,jgeroldimr@tripadvisor.com,Female,6.147.134.41
821,Jenine,Buttler,jbuttlerms@ed.gov,Female,52.175.119.23
822,Ginnifer,Leedal,gleedalmt@hc360.com,Female,82.147.161.120
823,Terry,Street,tstreetmu@dagondesign.com,Male,57.231.8.204
824,Hillary,Baurerich,hbaurerichmv@mysql.com,Male,41.237.244.156
825,Ferdie,Algate,falgatemw@a8.net,Agender,131.172.31.39
826,Myrlene,Marder,mmardermx@archive.org,Non-binary,83.161.82.199
827,Isaac,Kilfeder,ikilfedermy@yahoo.com,Male,115.186.159.196
828,Arni,Dibdale,adibdalemz@123-reg.co.uk,Male,3.68.199.109
829,Olia,Jandel,ojandeln0@webeden.co.uk,Female,21.110.225.89
830,Levin,Squier,lsquiern1@last.fm,Male,44.4.20.48
831,Moyra,Brigshaw,mbrigshawn2@arstechnica.com,Female,233.205.111.58
832,Bertrando,Barmadier,bbarmadiern3@networkadvertising.org,Male,241.84.34.142
833,Torry,Forber,tforbern4@soundcloud.com,Male,0.201.253.33
834,Matias,Hatzar,mhatzarn5@biglobe.ne.jp,Male,93.182.79.167
835,Magdalene,Flett,mflettn6@live.com,Female,18.254.23.142
836,Krysta,Peaseman,kpeasemann7@toplist.cz,Female,158.136.75.81
837,Maryjo,Edgcombe,medgcomben8@usgs.gov,Female,61.53.152.250
838,Guillermo,Kall,gkalln9@yelp.com,Male,24.52.178.114
839,Caralie,Wrankling,cwranklingna@over-blog.com,Female,59.247.27.115
840,Lorain,Benkin,lbenkinnb@bluehost.com,Female,160.25.82.163
841,Pauly,Whimpenny,pwhimpennync@odnoklassniki.ru,Male,25.248.197.11
842,Jaquelyn,Jochens,jjochensnd@over-blog.com,Non-binary,181.144.100.76
843,Cherin,Twomey,ctwomeyne@linkedin.com,Female,103.223.111.91
844,Stephine,McMurdo,smcmurdonf@csmonitor.com,Female,31.201.168.169
845,Nikita,Kenningham,nkenninghamng@merriam-webster.com,Bigender,215.126.220.92
846,Derwin,Darville,ddarvillenh@instagram.com,Male,217.46.63.56
847,Elias,Pendreigh,ependreighni@rediff.com,Male,254.175.200.190
848,Renard,Crat,rcratnj@ebay.com,Male,56.31.13.197
849,Gunilla,Darbon,gdarbonnk@latimes.com,Female,116.51.178.180
850,Janaye,Gordon,jgordonnl@columbia.edu,Female,80.122.84.70
851,Phillipe,Chatwood,pchatwoodnm@ycombinator.com,Male,248.132.84.86
852,Melisse,Sollime,msollimenn@a8.net,Female,248.14.202.76
853,Nelie,Joyner,njoynerno@blogspot.com,Female,19.1.184.158
854,Hilary,Larimer,hlarimernp@fastcompany.com,Female,2.28.66.168
855,Raimundo,O'Lennachain,rolennachainnq@acquirethisname.com,Male,110.42.19.124
856,Phaedra,Edison,pedisonnr@about.com,Female,211.189.133.8
857,Olga,Fransinelli,ofransinellins@adobe.com,Female,62.148.252.151
858,Francisco,Seeborne,fseebornent@gov.uk,Male,157.204.109.138
859,Travus,Riddoch,triddochnu@indiatimes.com,Male,110.237.48.83
860,Brena,Dowry,bdowrynv@newsvine.com,Female,60.32.106.199
861,Calli,Schulze,cschulzenw@cmu.edu,Female,194.174.50.241
862,Sissy,Phripp,sphrippnx@samsung.com,Female,155.108.253.33
863,Jehu,Nehlsen,jnehlsenny@goo.gl,Male,8.243.208.248
864,Marja,Parsonson,mparsonsonnz@soup.io,Female,195.145.204.169
865,Almira,Silverlock,asilverlocko0@fastcompany.com,Female,33.95.116.188
866,Larisa,Lorinez,llorinezo1@github.com,Female,3.58.39.4
867,Monti,Lilford,mlilfordo2@shop-pro.jp,Male,45.189.176.118
868,Dale,I'anson,diansono3@chronoengine.com,Male,172.86.188.62
869,Salvatore,Pitceathly,spitceathlyo4@networkadvertising.org,Male,167.52.218.209
870,Lizzy,Birkmyre,lbirkmyreo5@who.int,Female,45.252.173.152
871,Christine,Pottinger,cpottingero6@bloglines.com,Polygender,175.210.168.139
872,Quill,Zimek,qzimeko7@wufoo.com,Male,213.81.48.221
873,Bethany,McNelly,bmcnellyo8@seattletimes.com,Female,159.38.79.71
874,Lorena,Witson,lwitsono9@ca.gov,Female,136.33.18.214
875,Gianni,Jowsey,gjowseyoa@acquirethisname.com,Male,78.118.162.190
876,Patten,Steuhlmeyer,psteuhlmeyerob@newsvine.com,Genderqueer,142.250.60.112
877,Garv,Evason,gevasonoc@seattletimes.com,Male,177.142.127.0
878,Antoni,Limb,alimbod@nps.gov,Male,146.4.5.117
879,Nelli,Hillaby,nhillabyoe@artisteer.com,Female,86.97.46.192
880,Leanora,Goodley,lgoodleyof@technorati.com,Female,61.185.237.77
881,Ursuline,Straine,ustraineog@sciencedaily.com,Female,195.242.11.58
882,Ingrim,Ritelli,iritellioh@blogtalkradio.com,Male,181.121.108.56
883,Aurea,Hedman,ahedmanoi@blogspot.com,Female,18.206.226.122
884,Catlee,Lechelle,clechelleoj@dell.com,Female,62.237.93.165
885,Lane,Toopin,ltoopinok@tiny.cc,Male,140.136.220.102
886,Alexa,Ranner,arannerol@liveinternet.ru,Female,43.15.230.45
887,Vivien,Douty,vdoutyom@blinklist.com,Female,22.14.110.82
888,Consolata,Prior,cprioron@eventbrite.com,Female,104.59.215.14
889,Chanda,Allans,callansoo@sciencedaily.com,Female,254.9.7.37
890,Ransom,Pears,rpearsop@state.tx.us,Male,112.143.19.82
891,Ami,Kubanek,akubanekoq@umn.edu,Female,100.250.16.170
892,Georgie,Rysdale,grysdaleor@scientificamerican.com,Female,35.128.176.223
893,Shannah,Trout,stroutos@usda.gov,Female,102.44.150.79
894,Francklyn,Ealles,feallesot@ovh.net,Male,128.217.16.36
895,Reine,Buy,rbuyou@house.gov,Female,48.230.51.168
896,Patten,Duff,pduffov@cpanel.net,Male,146.195.181.206
897,Brod,Labden,blabdenow@nps.gov,Agender,136.175.248.161
898,Christye,Muscott,cmuscottox@nhs.uk,Female,157.69.145.19
899,Luci,Daymont,ldaymontoy@wiley.com,Female,126.118.17.242
900,Dana,Emps,dempsoz@canalblog.com,Female,203.88.224.77
901,Merrie,Swindells,mswindellsp0@ox.ac.uk,Female,199.108.248.137
902,Angeli,Drysdale,adrysdalep1@google.cn,Male,148.86.5.86
903,Arnuad,Crumpton,acrumptonp2@oakley.com,Male,111.9.64.68
904,Kelby,Geyton,kgeytonp3@geocities.com,Male,204.86.112.38
905,Niall,de'-Ancy Willis,ndeancywillisp4@sciencedaily.com,Male,194.99.72.40
906,Sheree,Simononsky,ssimononskyp5@phoca.cz,Female,162.119.34.48
907,Jessi,Grimestone,jgrimestonep6@yelp.com,Female,127.111.122.92
908,Morena,De la croix,mdelacroixp7@ca.gov,Female,254.122.186.251
909,Mac,Linck,mlinckp8@phoca.cz,Male,79.48.15.244
910,Melina,Rickis,mrickisp9@spotify.com,Female,71.179.250.5
911,Merl,Closs,mclosspa@so-net.ne.jp,Female,172.82.196.82
912,Philippe,Kilby,pkilbypb@apple.com,Female,118.107.152.120
913,Ema,Giraldez,egiraldezpc@sitemeter.com,Female,213.248.26.6
914,Billye,Hawksworth,bhawksworthpd@google.fr,Female,54.203.228.20
915,Kareem,Harrod,kharrodpe@msu.edu,Male,173.158.53.40
916,Lorrin,Road,lroadpf@altervista.org,Female,231.140.174.220
917,Cobb,Cherrington,ccherringtonpg@sogou.com,Male,210.155.90.119
918,Tricia,Braidford,tbraidfordph@techcrunch.com,Female,85.190.218.201
919,Tedi,Howles,thowlespi@addtoany.com,Female,203.179.111.181
920,Flin,Idenden,fidendenpj@domainmarket.com,Male,1.155.2.134
921,Greer,Utterson,guttersonpk@storify.com,Female,134.21.156.32
922,Lamond,Archanbault,larchanbaultpl@diigo.com,Male,216.112.54.222
923,Gabriele,Pugh,gpughpm@blogs.com,Male,37.136.247.117
924,Dorrie,Clash,dclashpn@europa.eu,Female,224.85.236.137
925,Hilary,Ostridge,hostridgepo@naver.com,Female,139.106.86.96
926,Ali,Seleway,aselewaypp@dmoz.org,Female,56.46.140.249
927,Alix,Gout,agoutpq@independent.co.uk,Male,242.68.82.234
928,Tarrah,Corbridge,tcorbridgepr@macromedia.com,Female,199.36.240.113
929,Russ,Fernie,rfernieps@yolasite.com,Male,77.176.161.188
930,Veronike,McKibbin,vmckibbinpt@quantcast.com,Female,176.22.22.124
931,Mick,Rudyard,mrudyardpu@i2i.jp,Male,101.65.119.199
932,Derick,Khristoforov,dkhristoforovpv@java.com,Male,162.167.1.95
933,Miltie,Leyes,mleyespw@dot.gov,Male,227.70.231.113
934,Cathyleen,Bolden,cboldenpx@surveymonkey.com,Female,195.12.99.190
935,Klarika,Jencken,kjenckenpy@trellian.com,Female,60.58.74.28
936,Lorain,Schenkel,lschenkelpz@boston.com,Female,90.130.52.199
937,Lonny,Huet,lhuetq0@hostgator.com,Male,60.25.71.187
938,Lynde,Rowden,lrowdenq1@sina.com.cn,Female,173.131.138.2
939,Taddeusz,Andreaccio,tandreaccioq2@abc.net.au,Male,89.149.238.24
940,Gardie,Nacci,gnacciq3@fda.gov,Male,118.47.21.85
941,Loralie,Le Teve,lleteveq4@aol.com,Female,111.244.89.252
942,Mariejeanne,Garnsworthy,mgarnsworthyq5@hubpages.com,Agender,100.37.141.3
943,Kariotta,Slack,kslackq6@flavors.me,Female,10.93.133.155
944,Wally,Haydney,whaydneyq7@zdnet.com,Female,226.199.169.132
945,Kylie,Scandred,kscandredq8@geocities.com,Male,164.251.97.227
946,Case,Coddrington,ccoddringtonq9@miitbeian.gov.cn,Male,182.185.155.220
947,Wilbert,Dufaire,wdufaireqa@tuttocitta.it,Male,111.166.152.224
948,Lauralee,Pirozzi,lpirozziqb@pagesperso-orange.fr,Female,145.5.128.174
949,Callean,Barbey,cbarbeyqc@dion.ne.jp,Male,178.234.102.187
950,Damian,Stidever,dstideverqd@infoseek.co.jp,Male,100.222.124.92
951,Anestassia,Bauduin,abauduinqe@google.com.au,Female,38.71.188.237
952,Devina,Rehm,drehmqf@webmd.com,Female,245.90.171.160
953,Lindi,Kristiansen,lkristiansenqg@quantcast.com,Female,235.197.44.224
954,Bondie,Aizikovitz,baizikovitzqh@addtoany.com,Male,240.148.187.247
955,Torrin,Steanson,tsteansonqi@bravesites.com,Male,8.240.179.79
956,Casandra,Jouanot,cjouanotqj@abc.net.au,Female,37.68.18.86
957,Nye,Conochie,nconochieqk@npr.org,Male,27.15.143.243
958,Clerkclaude,Gertz,cgertzql@msn.com,Bigender,199.141.170.93
959,Toinette,Emburey,tembureyqm@networkadvertising.org,Female,240.16.133.0
960,Claudia,Ellacombe,cellacombeqn@toplist.cz,Female,205.103.90.128
961,Jessi,Bandiera,jbandieraqo@linkedin.com,Agender,213.122.204.69
962,Grover,Caen,gcaenqp@oracle.com,Male,69.29.222.34
963,Chicky,Alps,calpsqq@php.net,Male,174.232.55.4
964,Roddie,Gotts,rgottsqr@samsung.com,Male,157.149.213.221
965,Puff,Khadir,pkhadirqs@flavors.me,Male,63.138.190.211
966,Polly,Mantripp,pmantrippqt@wikipedia.org,Female,7.27.117.21
967,Ode,Duke,odukequ@yahoo.co.jp,Male,141.140.23.143
968,Dionne,Ambrosetti,dambrosettiqv@mapquest.com,Female,115.198.104.150
969,Erna,Duckit,educkitqw@ovh.net,Female,74.102.212.88
970,Darren,Dewer,ddewerqx@a8.net,Male,12.177.58.60
971,Demetri,Shelliday,dshellidayqy@edublogs.org,Male,255.117.55.175
972,Der,Huggett,dhuggettqz@about.me,Male,242.97.223.153
973,Angel,Killwick,akillwickr0@vk.com,Male,233.222.92.40
974,Elihu,Bram,ebramr1@purevolume.com,Male,212.165.242.255
975,Gardner,Alesi,galesir2@wix.com,Male,84.253.172.97
976,Nils,Lyman,nlymanr3@shop-pro.jp,Male,62.58.168.212
977,Robbie,Staley,rstaleyr4@theguardian.com,Male,52.147.122.244
978,Rudie,McKenney,rmckenneyr5@latimes.com,Male,93.180.187.117
979,Timmi,Abrey,tabreyr6@nih.gov,Female,191.144.70.245
980,Corena,William,cwilliamr7@sitemeter.com,Female,228.235.243.191
981,Reynard,Blowes,rblowesr8@weibo.com,Male,45.106.95.89
982,Deck,Bottelstone,dbottelstoner9@ameblo.jp,Male,113.0.136.240
983,Meaghan,Kerslake,mkerslakera@sphinn.com,Female,128.242.11.207
984,Karon,Jedrzejewsky,kjedrzejewskyrb@chronoengine.com,Female,207.123.71.7
985,Issi,Scones,isconesrc@prlog.org,Female,83.65.136.207
986,Adair,Cuttle,acuttlerd@domainmarket.com,Male,77.80.248.41
987,Aymer,Lunt,aluntre@about.com,Male,214.23.69.207
988,Regan,Torritti,rtorrittirf@artisteer.com,Female,111.208.230.65
989,Warde,Hiddersley,whiddersleyrg@imdb.com,Male,127.235.155.67
990,Halette,Chappel,hchappelrh@dion.ne.jp,Female,117.91.245.119
991,Dora,Lindborg,dlindborgri@sciencedirect.com,Female,182.34.84.236
992,Cherey,De Angelo,cdeangelorj@purevolume.com,Female,158.53.26.105
993,Pattie,Madill,pmadillrk@moonfruit.com,Male,148.36.71.63
994,Salem,Cullip,sculliprl@1und1.de,Male,82.110.112.162
995,Judon,Pflieger,jpfliegerrm@wordpress.com,Male,62.180.61.212
996,Dory,Heinecke,dheineckern@nbcnews.com,Male,74.247.208.253
997,Peirce,Gostyke,pgostykero@i2i.jp,Male,178.191.114.172
998,Vaughn,Mileham,vmilehamrp@buzzfeed.com,Bigender,3.173.177.173
999,Bil,Yankin,byankinrq@live.com,Male,122.135.79.55
1000,Bobine,Millin,bmillinrr@amazon.de,Female,248.215.134.186